Гусева::2	https://ru.wikipedia.org/wiki/Макграт,_Боб::9	1

Гусева::2	https://ru.wikipedia.org/wiki/Макграт,_Боб::9	1

Гусева::3	https://ru.wikipedia.org/wiki/Шанд,_Марк::14	1

Гусева::3	https://ru.wikipedia.org/wiki/Шанд,_Марк::14	1

Гусева::3	https://ru.wikipedia.org/wiki/Камилла_(королева_Великобритании)::_	1

Гусева::4	https://ru.wikipedia.org/wiki/Тамура,_Судзуко::_	1

Гусева::5	https://ru.wikipedia.org/wiki/Стиллингтон,_Роберт::14	1

Гусева::5	https://ru.wikipedia.org/wiki/Стиллингтон,_Роберт::14	1

Гусева::5	https://ru.wikipedia.org/wiki/Стиллингтон,_Роберт::14	1

Гусева::6	https://ru.wikipedia.org/wiki/Воспоминание_о_дорогом_месте::_	1

Гусева::6	https://ru.wikipedia.org/wiki/Воспоминание_о_дорогом_месте::_	1

Гусева::7	https://ru.wikipedia.org/wiki/Ястер,_Станислав::4	1

Гусева::7	https://ru.wikipedia.org/wiki/Ястер,_Станислав::4	1

Гусева::8	https://ru.wikipedia.org/wiki/Месье_и_мадам_Эдуард_Мане::9	1

Гусева::8	https://ru.wikipedia.org/wiki/Месье_и_мадам_Эдуард_Мане::9	1

Гусева::8	https://ru.wikipedia.org/wiki/Месье_и_мадам_Эдуард_Мане::9	1

Гусева::8	https://ru.wikipedia.org/wiki/Месье_и_мадам_Эдуард_Мане::9	1

Гусева::9	https://ru.wikipedia.org/wiki/Герб_Татарстана::_	1

Гусева::9	https://ru.wikipedia.org/wiki/Ханзафаров,_Назым_Габдрахманович::3	1

Гусева::9	https://ru.wikipedia.org/wiki/Ханзафаров,_Назым_Габдрахманович::3	1

Гусева::10	https://ru.wikipedia.org/wiki/Эшраги,_Захра::7	1

Гусева::10	https://ru.wikipedia.org/wiki/Эшраги,_Захра::7	1

Гусева::10	https://ru.wikipedia.org/wiki/Эшраги,_Захра::7	1

Гусева::10	https://ru.wikipedia.org/wiki/Эшраги,_Захра::7	1

Гусева::10	https://ru.wikipedia.org/wiki/Эшраги,_Захра::7	1

Гусева::10	https://ru.wikipedia.org/wiki/Эшраги,_Захра::7	1

Гусева::11	https://ru.wikipedia.org/wiki/Яшнов,_Евгений_Евгеньевич::199	1

Гусева::11	https://ru.wikipedia.org/wiki/Яшнов,_Евгений_Евгеньевич::199	1

Гусева::11	https://ru.wikipedia.org/wiki/Яшнов,_Евгений_Евгеньевич::199	1

Гусева::12	https://ru.wikipedia.org/wiki/Протоколы_Освенцима::_	1

Гусева::12	https://ru.wikipedia.org/wiki/Холокост_в_Венгрии::_	1

Гусева::12	https://ru.wikipedia.org/wiki/Лагеря_смерти_нацистской_Германии::21	1

Гусева::13	https://ru.wikipedia.org/wiki/Мухаммед_ибн_Фейсал_Аль_Сауд::_	1

Гусева::13	https://ru.wikipedia.org/wiki/Айсберг::85	1

Гусева::14	https://ru.wikipedia.org/wiki/EBRC_Jaguar::_	1

Гусева::15	https://ru.wikipedia.org/wiki/Окаванго_(река)::10	1

Гусева::15	https://ru.wikipedia.org/wiki/Окаванго_(река)::10	1

Гусева::15	https://ru.wikipedia.org/wiki/Кувелаи::_	1

Гусева::15	https://ru.wikipedia.org/wiki/Реки_Анголы::4	1

Гусева::15	https://ru.wikipedia.org/wiki/Реки_Анголы::4	1

Гусева::16	https://ru.wikipedia.org/wiki/Дуэль_братьев._История_Adidas_и_Puma::45	1

Гусева::17	https://ru.wikipedia.org/wiki/Каминский,_Адольфо::_	1

Гусева::18	https://ru.wikipedia.org/wiki/Широкоугольная_и_планетарная_камера_2::150	1

Гусева::19	https://ru.wikipedia.org/wiki/Лох-Мой::8	1

Гусева::20	https://ru.wikipedia.org/wiki/Кидд,_Фрэнсис::23	1

Гусева::21	https://ru.wikipedia.org/wiki/Обнимательная_вечеринка::_	1

Гусева::22	https://ru.wikipedia.org/wiki/Наполеон_I::_	1

Гусева::22	https://ru.wikipedia.org/wiki/Долина_Могилы::13	1

Гусева::23	https://ru.wikipedia.org/wiki/Инчукалнское_подземное_хранилище_газа::_	1

Гусева::24	https://ru.wikipedia.org/wiki/Одли,_Джеймс,_2-й_барон_Одли::_	1

Гусева::25	https://ru.wikipedia.org/wiki/Юкава_(река,_впадает_в_Тюдзендзи)::_	1

